{"ols_params":{"const":11014.4866776693,"vol_5d":-3.016843676,"spread_proxy_bps":-13917.3011149447,"volume_z":-157.568961932},"ols_pvalues":{"const":0.0,"vol_5d":0.2917107775,"spread_proxy_bps":7.429252452e-25,"volume_z":0.0},"dyn_params":{"const":207.8166699962,"basis_lag1":9814.9470953966,"vol_5d":-0.1714227882,"spread_proxy_bps":-264.6007928777,"volume_z":-3.2301187156},"dyn_pvalues":{"const":0.000206541,"basis_lag1":0.0,"vol_5d":0.5432568971,"spread_proxy_bps":0.0136119532,"volume_z":0.2414876511}}